VST,5-Aug-20,0.49,0.36,-26.5
AZPN,12-Aug-20,1.18,1.54,30.5
CTAS,23-Sep-20,2.16,2.78,28.7
GIS,23-Sep-20,0.87,1,14.9
PEP,1-Oct-20,1.48,1.66,12.1
STZ,1-Oct-20,2.51,2.76,9.9
LW,7-Oct-20,0.3,0.61,103.3
RPM,7-Oct-20,1.21,1.44,19
CCL,8-Oct-20,-2.22,-2.19,1.3
DPZ,8-Oct-20,2.75,2.49,-9.4
BLK,13-Oct-20,7.81,9.22,18
C,13-Oct-20,1.01,1.4,38.6
DAL,13-Oct-20,-3.14,-3.3,-5.1
FAST,13-Oct-20,0.37,0.38,2.7
FRC,13-Oct-20,1.38,1.61,16.6
JNJ,13-Oct-20,1.99,2.2,10.5
JPM,13-Oct-20,2.35,2.92,24.2
BAC,14-Oct-20,0.53,0.51,-3.7
GS,14-Oct-20,5.58,9.68,73.4
PACW,14-Oct-20,0.63,0.38,-39.6
PGR,14-Oct-20,1.69,1.87,10.6
PNC,14-Oct-20,2.09,3.39,62.2
UAL,14-Oct-20,-7.63,-8.16,-6.9
UNH,14-Oct-20,2.98,3.51,17.7
USB,14-Oct-20,0.93,0.99,6.4
WFC,14-Oct-20,0.47,0.56,19.1
ISRG,15-Oct-20,2,2.77,38.5
MS,15-Oct-20,1.26,1.59,26.1
SCHW,15-Oct-20,0.47,0.51,8.5
TFC,15-Oct-20,0.88,0.97,10.2
WBA,15-Oct-20,0.96,1.02,6.2
ALLY,16-Oct-20,0.72,1.25,73.6
BK,16-Oct-20,0.96,0.98,2
CFG,16-Oct-20,0.7,0.68,-2.8
JBHT,16-Oct-20,1.26,1.18,-6.3
KSU,16-Oct-20,1.88,1.96,4.2
SLB,16-Oct-20,0.13,0.16,23
STT,16-Oct-20,1.42,1.45,2.1
VFC,16-Oct-20,0.51,0.67,31.3
CCK,19-Oct-20,1.6,1.96,22.5
CDNS,19-Oct-20,0.61,0.7,14.7
FNB,19-Oct-20,0.23,0.26,13
HAL,19-Oct-20,0.08,0.11,37.5
HXL,19-Oct-20,0.07,-0.29,-514.2
IBM,19-Oct-20,2.55,2.58,1.1
LII,19-Oct-20,3.13,3.53,12.7
PPG,19-Oct-20,1.92,1.93,0.5
STLD,19-Oct-20,0.47,0.51,8.5
ZION,19-Oct-20,0.86,1.01,17.4
AGR,20-Oct-20,0.41,0.32,-21.9
CBSH,20-Oct-20,0.67,1.06,58.2
CMA,20-Oct-20,0.87,1.44,65.5
CSL,20-Oct-20,1.74,1.94,11.4
DOV,20-Oct-20,1.31,1.6,22.1
GPK,20-Oct-20,0.22,0.26,18.1
IBKR,20-Oct-20,0.53,0.53,0
IQV,20-Oct-20,1.51,1.63,7.9
LMT,20-Oct-20,6.07,6.25,2.9
MAN,20-Oct-20,0.63,1.2,90.4
NFLX,20-Oct-20,2.13,1.74,-18.3
NVR,20-Oct-20,62.01,65.11,5
PCAR,20-Oct-20,0.96,1.11,15.6
PG,20-Oct-20,1.43,1.63,13.9
PM,20-Oct-20,1.36,1.42,4.4
PNFP,20-Oct-20,1.1,1.45,31.8
PNR,20-Oct-20,0.52,0.7,34.6
RF,20-Oct-20,0.34,0.49,44.1
SBNY,20-Oct-20,2.78,2.62,-5.7
SNV,20-Oct-20,0.48,0.89,85.4
SYF,20-Oct-20,0.83,0.72,-13.2
TER,20-Oct-20,1.11,1.18,6.3
TRV,20-Oct-20,2.91,3.12,7.2
TXN,20-Oct-20,1.27,1.45,14.1
WRB,20-Oct-20,0.62,0.65,4.8
ABT,21-Oct-20,0.9,0.98,8.8
ALGN,21-Oct-20,0.59,2.25,281.3
AN,21-Oct-20,1.63,2.38,46
APH,21-Oct-20,0.44,0.55,25
AVY,21-Oct-20,1.54,1.91,24
AXTA,21-Oct-20,0.33,0.59,78.7
BIIB,21-Oct-20,8.06,8.84,9.6
BKR,21-Oct-20,0.04,0.04,0
BOKF,21-Oct-20,1.51,2.19,45
CMG,21-Oct-20,3.44,3.76,9.3
CSX,21-Oct-20,0.93,0.96,3.2
DFS,21-Oct-20,1.63,2.45,50.3
EFX,21-Oct-20,1.61,1.87,16.1
EVR,21-Oct-20,0.37,1.11,200
EW,21-Oct-20,0.45,0.51,13.3
GGG,21-Oct-20,0.42,0.59,40.4
GL,21-Oct-20,1.76,1.75,-0.5
IPG,21-Oct-20,0.37,0.53,43.2
KEY,21-Oct-20,0.35,0.41,17.1
KMI,21-Oct-20,0.21,0.21,0
KNX,21-Oct-20,0.63,0.79,25.4
LRCX,21-Oct-20,5.17,5.67,9.6
LSTR,21-Oct-20,1.43,1.61,12.5
LVS,21-Oct-20,-0.58,-0.67,-15.5
NDAQ,21-Oct-20,1.45,1.53,5.5
NEE,21-Oct-20,0.66,0.67,1.5
NTRS,21-Oct-20,1.4,1.32,-5.7
SEIC,21-Oct-20,0.81,0.75,-7.4
SLGN,21-Oct-20,0.95,1.04,9.4
SLM,21-Oct-20,0.14,0.47,235.7
STL,21-Oct-20,0.38,0.45,18.4
TDY,21-Oct-20,2.4,2.48,3.3
TMO,21-Oct-20,4.37,5.63,28.8
TRN,21-Oct-20,0.05,0.17,240
TSLA,21-Oct-20,0.55,0.76,38.1
UMPQ,21-Oct-20,0.34,0.57,67.6
VMI,21-Oct-20,1.71,1.99,16.3
VZ,21-Oct-20,1.22,1.25,2.4
WHR,21-Oct-20,4.1,6.91,68.5
WTFC,21-Oct-20,1.08,1.67,54.6
XLNX,21-Oct-20,0.76,0.82,7.8
AAL,22-Oct-20,-5.62,-5.54,1.4
AEP,22-Oct-20,1.46,1.47,0.6
ALK,22-Oct-20,-2.86,-3.23,-12.9
ALLE,22-Oct-20,1.2,1.67,39.1
ARD,22-Oct-20,0.44,0.48,9
ASB,22-Oct-20,0.19,0.24,26.3
CLGX,22-Oct-20,1.17,1.21,3.4
COF,22-Oct-20,1.99,5.05,153.7
CTXS,22-Oct-20,1.23,1.38,12.2
DGX,22-Oct-20,3.75,4.31,14.9
DHR,22-Oct-20,1.37,1.72,25.5
ENTG,22-Oct-20,0.63,0.67,6.3
EQT,22-Oct-20,-0.22,-0.15,31.8
EWBC,22-Oct-20,0.94,1.12,19.1
FAF,22-Oct-20,1.35,1.31,-2.9
FCX,22-Oct-20,0.24,0.29,20.8
FITB,22-Oct-20,0.59,0.85,44
GPC,22-Oct-20,1.48,1.63,10.1
GWW,22-Oct-20,4.13,4.52,9.4
HBAN,22-Oct-20,0.25,0.27,8
INTC,22-Oct-20,1.1,1.11,0.9
KMB,22-Oct-20,1.76,1.72,-2.2
KO,22-Oct-20,0.45,0.55,22.2
LUV,22-Oct-20,-2.44,-1.99,18.4
MANH,22-Oct-20,0.4,0.51,27.5
MAT,22-Oct-20,0.38,0.95,150
MTB,22-Oct-20,2.63,2.77,5.3
NOC,22-Oct-20,5.6,5.89,5.1
NUE,22-Oct-20,0.53,0.63,18.8
ORI,22-Oct-20,0.41,0.62,51.2
OZK,22-Oct-20,0.57,0.84,47.3
PAG,22-Oct-20,1.59,2.87,80.5
PBCT,22-Oct-20,0.28,0.34,21.4
PHM,22-Oct-20,1.11,1.34,20.7
POOL,22-Oct-20,2.14,2.71,26.6
RHI,22-Oct-20,0.6,0.67,11.6
RS,22-Oct-20,1.53,1.87,22.2
SAM,22-Oct-20,5.24,6.1,16.4
SIRI,22-Oct-20,0.06,0.06,0
SIVB,22-Oct-20,5.45,8.47,55.4
SNA,22-Oct-20,2.16,3.28,51.8
SON,22-Oct-20,0.81,0.86,6.1
T,22-Oct-20,0.77,0.76,-1.3
TSCO,22-Oct-20,1.38,1.62,17.3
UNP,22-Oct-20,2.03,2.01,-0.9
VLO,22-Oct-20,-1.35,-1.16,14
VRSN,22-Oct-20,1.26,1.49,18.2
WAL,22-Oct-20,1.04,1.36,30.7
WBS,22-Oct-20,0.69,0.75,8.7
WSO,22-Oct-20,2.53,2.76,9
WST,22-Oct-20,1.01,1.15,13.8
AXP,23-Oct-20,1.39,1.3,-6.4
CRI,23-Oct-20,1.67,1.96,17.3
FHB,23-Oct-20,0.31,0.5,61.2
FHN,23-Oct-20,0.17,0.35,105.8
GNTX,23-Oct-20,0.41,0.48,17
ITW,23-Oct-20,1.45,1.83,26.2
CE,25-Oct-20,1.69,1.95,15.3
AGNC,26-Oct-20,0.57,0.81,42.1
AMG,26-Oct-20,2.86,3.27,14.3
BOH,26-Oct-20,0.88,0.95,7.9
BRO,26-Oct-20,0.42,0.52,23.8
CHGG,26-Oct-20,0.12,0.17,41.6
CINF,26-Oct-20,0.41,0.39,-4.8
CR,26-Oct-20,0.82,1.05,28
FFIV,26-Oct-20,2.38,2.43,2.1
HAS,26-Oct-20,1.67,1.88,12.5
HCA,26-Oct-20,2.69,1.92,-28.6
NOV,26-Oct-20,-0.09,-0.01,88.8
NRZ,26-Oct-20,0.34,0.31,-8.8
OMF,26-Oct-20,1.15,2.19,90.4
PFG,26-Oct-20,1.47,0.85,-42.1
PKG,26-Oct-20,1.36,1.57,15.4
SCCO,26-Oct-20,0.57,0.65,14
TCF,26-Oct-20,0.62,0.63,1.6
TWLO,26-Oct-20,-0.05,0.04,180
AFL,27-Oct-20,1.12,1.39,24.1
AKAM,27-Oct-20,1.23,1.31,6.5
AMD,27-Oct-20,0.36,0.41,13.8
AWI,27-Oct-20,0.95,1.07,12.6
BEN,27-Oct-20,0.69,0.56,-18.8
CAT,27-Oct-20,1.15,1.34,16.5
CB,27-Oct-20,2.16,2,-7.4
CHRW,27-Oct-20,0.99,1,1
CMI,27-Oct-20,2.41,3.57,48.1
CNC,27-Oct-20,0.96,1.26,31.2
CSGP,27-Oct-20,2.08,2.26,8.6
DTE,27-Oct-20,2.06,2.61,26.7
DXCM,27-Oct-20,0.64,0.94,46.8
ECL,27-Oct-20,1.09,1.15,5.5
EIX,27-Oct-20,1.44,1.67,15.9
ENPH,27-Oct-20,0.24,0.3,25
ESI,27-Oct-20,0.2,0.22,10
EXAS,27-Oct-20,-0.51,-0.36,29.4
FEYE,27-Oct-20,0.07,0.11,57.1
FISV,27-Oct-20,1.15,1.2,4.3
FSLR,27-Oct-20,0.6,1.45,141.6
FTV,27-Oct-20,0.88,0.94,6.8
GLW,27-Oct-20,0.38,0.43,13.1
HOG,27-Oct-20,0.22,0.78,254.5
HUBB,27-Oct-20,2.04,2.3,12.7
IEX,27-Oct-20,1.2,1.4,16.6
IVZ,27-Oct-20,0.48,0.53,10.4
JBLU,27-Oct-20,-1.91,-1.75,8.3
JNPR,27-Oct-20,0.44,0.43,-2.2
LECO,27-Oct-20,0.79,1.1,39.2
LH,27-Oct-20,5.29,8.41,58.9
LLY,27-Oct-20,1.76,1.54,-12.5
MASI,27-Oct-20,0.56,0.8,42.8
MKL,27-Oct-20,0.81,4.41,444.4
MKSI,27-Oct-20,1.76,1.93,9.6
MKTX,27-Oct-20,1.74,1.78,2.3
MMM,27-Oct-20,2.27,2.43,7
MRK,27-Oct-20,1.44,1.74,20.8
MSCI,27-Oct-20,1.83,2.2,20.2
MSFT,27-Oct-20,1.53,1.82,18.9
MSM,27-Oct-20,0.96,1.09,13.5
MXIM,27-Oct-20,0.58,0.72,24.1
NCR,27-Oct-20,0.36,0.54,50
ODFL,27-Oct-20,1.51,1.71,13.2
OKE,27-Oct-20,0.59,0.7,18.6
OMC,27-Oct-20,1.12,1.21,8
PFE,27-Oct-20,0.7,0.72,2.8
PII,27-Oct-20,2.18,2.85,30.7
QGEN,27-Oct-20,0.55,0.58,5.4
RNR,27-Oct-20,-2.03,-2.64,-30
ROP,27-Oct-20,3.01,3.17,5.3
RTX,27-Oct-20,0.48,0.58,20.8
SHW,27-Oct-20,2.6,2.76,6.1
SPGI,27-Oct-20,2.64,2.85,7.9
ST,27-Oct-20,0.54,0.66,22.2
SWK,27-Oct-20,2.67,2.89,8.2
THG,27-Oct-20,2.24,2.46,9.8
TRU,27-Oct-20,0.76,0.81,6.5
TWOU,27-Oct-20,-0.27,-0.24,11.1
UNM,27-Oct-20,1.31,1.21,-7.6
WAT,27-Oct-20,1.91,2.16,13
XRX,27-Oct-20,0.24,0.48,100
ADP,28-Oct-20,0.97,1.41,45.3
AFG,28-Oct-20,1.55,2.45,58
ALSN,28-Oct-20,0.46,0.68,47.8
AM,28-Oct-20,0.23,0.25,8.7
AMED,28-Oct-20,1.27,2.24,76.3
AMGN,28-Oct-20,3.75,4.37,16.5
AMP,28-Oct-20,1.35,1.47,8.8
ANTM,28-Oct-20,4.04,4.2,3.9
ARES,28-Oct-20,0.42,0.48,14.2
AVT,28-Oct-20,0.12,0.36,200
AXS,28-Oct-20,-0.87,-0.77,11.4
BA,28-Oct-20,-2.33,-1.39,40.3
BG,28-Oct-20,0.2,2.47,1135
BPOP,28-Oct-20,1.11,2,80.1
BSX,28-Oct-20,0.25,0.37,48
CACI,28-Oct-20,3.15,3.67,16.5
CERN,28-Oct-20,0.71,0.72,1.4
CGNX,28-Oct-20,0.33,0.49,48.4
CME,28-Oct-20,1.41,1.38,-2.1
CREE,28-Oct-20,-0.22,-0.19,13.6
CTSH,28-Oct-20,0.9,0.97,7.7
CW,28-Oct-20,1.53,1.85,20.9
DT,28-Oct-20,0.1,0.18,80
EBAY,28-Oct-20,0.76,0.85,11.8
EEFT,28-Oct-20,0.52,1.12,115.3
EHC,28-Oct-20,0.75,0.78,4
ETR,28-Oct-20,2.42,2.44,0.8
ETSY,28-Oct-20,0.62,0.7,12.9
F,28-Oct-20,0.22,0.65,195.4
FBHS,28-Oct-20,1.06,1.19,12.2
GD,28-Oct-20,2.85,2.9,1.7
GE,28-Oct-20,-0.06,0.06,200
GILD,28-Oct-20,1.83,2.11,15.3
GMED,28-Oct-20,0.31,0.49,58
GNRC,28-Oct-20,1.75,2.08,18.8
GRA,28-Oct-20,0.5,0.56,12
GRMN,28-Oct-20,1.01,1.58,56.4
GRUB,28-Oct-20,-0.07,0.16,328.5
HES,28-Oct-20,-0.71,-0.71,0
IART,28-Oct-20,0.57,0.8,40.3
INVH,28-Oct-20,0.31,0.06,-80.6
KLAC,28-Oct-20,2.75,3.03,10.1
LFUS,28-Oct-20,1.15,2.16,87.8
MA,28-Oct-20,1.65,1.6,-3
MAS,28-Oct-20,0.79,1.04,31.6
MOH,28-Oct-20,2.19,3.36,53.4
MSA,28-Oct-20,1.1,0.94,-14.5
NLY,28-Oct-20,0.26,0.32,23
NOW,28-Oct-20,1.03,1.21,17.4
NSC,28-Oct-20,2.36,2.51,6.3
NYCB,28-Oct-20,0.23,0.23,0
OC,28-Oct-20,1.32,1.7,28.7
ORLY,28-Oct-20,6.34,7.07,11.5
PB,28-Oct-20,1.31,1.4,6.8
PEGA,28-Oct-20,-0.08,-0.33,-312.5
PEN,28-Oct-20,-0.13,0.06,146.1
PKI,28-Oct-20,1.42,2.09,47.1
PPC,28-Oct-20,0.33,0.66,100
PTC,28-Oct-20,0.56,0.78,39.2
R,28-Oct-20,-0.43,1.21,381.4
RBC,28-Oct-20,1.24,1.73,39.5
RJF,28-Oct-20,1.36,1.78,30.8
ROL,28-Oct-20,0.15,0.17,13.3
RYN,28-Oct-20,0.04,0.06,50
SC,28-Oct-20,0.75,1.58,110.6
SCI,28-Oct-20,0.43,0.79,83.7
SEE,28-Oct-20,0.67,0.82,22.3
SFM,28-Oct-20,0.35,0.52,48.5
SIX,28-Oct-20,-1.06,-1.37,-29.2
SSNC,28-Oct-20,1,1.1,10
TDOC,28-Oct-20,-0.33,-0.13,60.6
TT,28-Oct-20,1.34,1.72,28.3
UPS,28-Oct-20,1.86,2.28,22.5
URI,28-Oct-20,4.33,5.4,24.7
UTHR,28-Oct-20,2.41,3.84,59.3
V,28-Oct-20,1.09,1.12,2.7
VVV,28-Oct-20,0.36,0.46,27.7
WDC,28-Oct-20,0.54,0.65,20.3
YUMC,28-Oct-20,0.46,0.66,43.4
AAPL,29-Oct-20,0.69,0.73,5.8
ABMD,29-Oct-20,0.87,1.01,16
ACGL,29-Oct-20,0.25,0.29,16
ACHC,29-Oct-20,0.55,0.68,23.6
ADM,29-Oct-20,0.71,0.89,25.3
ADS,29-Oct-20,2.28,3.45,51.3
AIV,29-Oct-20,0.73,0.76,4.1
AJG,29-Oct-20,0.9,1.08,20
ALKS,29-Oct-20,-0.01,0.26,2700
ALXN,29-Oct-20,2.59,3.24,25.1
AME,29-Oct-20,0.95,1.01,6.3
AMZN,29-Oct-20,7.3,12.37,69.4
AOS,29-Oct-20,0.53,0.66,24.5
APO,29-Oct-20,0.49,0.47,-4
APTV,29-Oct-20,0.79,1.13,43
ARW,29-Oct-20,1.66,2.08,25.3
ATR,29-Oct-20,0.84,1,19
ATUS,29-Oct-20,0.23,0.34,47.8
ATVI,29-Oct-20,0.64,0.71,10.9
BAX,29-Oct-20,0.73,0.83,13.7
BC,29-Oct-20,1.36,1.8,32.3
BIO,29-Oct-20,1.85,3,62.1
BWA,29-Oct-20,0.75,0.88,17.3
CACC,29-Oct-20,5.69,13.56,138.3
CBRE,29-Oct-20,0.44,0.73,65.9
CFR,29-Oct-20,1.19,1.5,26
CFX,29-Oct-20,0.4,0.41,2.5
CG,29-Oct-20,0.36,0.4,11.1
CHD,29-Oct-20,0.67,0.7,4.4
CHE,29-Oct-20,3.99,4.86,21.8
CMCSA,29-Oct-20,0.51,0.65,27.4
CMS,29-Oct-20,0.68,0.77,13.2
COG,29-Oct-20,0.07,0.09,28.5
COLM,29-Oct-20,1.22,0.94,-22.9
COP,29-Oct-20,-0.3,-0.31,-3.3
CRL,29-Oct-20,1.8,2.33,29.4
CVNA,29-Oct-20,-0.3,-0.1,66.6
DD,29-Oct-20,0.77,0.88,14.2
DVA,29-Oct-20,1.49,1.8,20.8
DVN,29-Oct-20,-0.08,-0.04,50
EMN,29-Oct-20,1.4,1.57,12.1
ERIE,29-Oct-20,1.65,1.71,3.6
EXP,29-Oct-20,1.86,2.02,8.6
FB,29-Oct-20,1.94,2.71,39.6
FCN,29-Oct-20,1.37,1.54,12.4
FIS,29-Oct-20,1.42,1.42,0
FIVN,29-Oct-20,0.18,0.27,50
FND,29-Oct-20,0.4,0.56,40
FTNT,29-Oct-20,0.78,0.88,12.8
GOOG,29-Oct-20,11.4,16.4,43.8
GOOGL,29-Oct-20,11.4,16.4,43.8
GPN,29-Oct-20,1.65,1.71,3.6
HIG,29-Oct-20,0.88,1.46,65.9
HUN,29-Oct-20,0.25,0.32,28
ICE,29-Oct-20,0.99,1.03,4
IDA,29-Oct-20,1.99,2.02,1.5
IDXX,29-Oct-20,1.42,1.69,19
ILMN,29-Oct-20,0.77,1.02,32.4
IP,29-Oct-20,0.48,0.71,47.9
K,29-Oct-20,0.88,0.91,3.4
KDP,29-Oct-20,0.37,0.39,5.4
KEX,29-Oct-20,0.37,0.46,24.3
KHC,29-Oct-20,0.63,0.7,11.1
LAZ,29-Oct-20,0.49,0.67,36.7
LKQ,29-Oct-20,0.52,0.75,44.2
LPLA,29-Oct-20,1.25,1.44,15.2
MCO,29-Oct-20,2.19,2.69,22.8
MGM,29-Oct-20,-1.1,-1.08,1.8
MHK,29-Oct-20,2.31,3.26,41.1
MLM,29-Oct-20,3.76,4.71,25.2
MMC,29-Oct-20,0.74,0.82,10.8
MPWR,29-Oct-20,1.68,1.69,0.6
MSI,29-Oct-20,1.76,1.95,10.8
NATI,29-Oct-20,0.19,0.23,21
NEM,29-Oct-20,0.79,0.86,8.8
NVCR,29-Oct-20,0.04,0.09,125
OLED,29-Oct-20,0.54,0.85,57.4
OSK,29-Oct-20,1.02,1.3,27.4
PCG,29-Oct-20,0.25,0.22,-12
PFPT,29-Oct-20,0.39,0.53,35.9
PWR,29-Oct-20,1.11,1.4,26.1
QDEL,29-Oct-20,4.58,5.78,26.2
RCL,29-Oct-20,-4.92,-5.62,-14.2
RE,29-Oct-20,2.81,2.42,-13.8
RL,29-Oct-20,0.94,1.44,53.1
RMD,29-Oct-20,0.98,1.27,29.5
SBUX,29-Oct-20,0.33,0.51,54.5
SGEN,29-Oct-20,-0.08,3.5,4475
SKX,29-Oct-20,0.35,0.53,51.4
SNDR,29-Oct-20,0.31,0.31,0
SO,29-Oct-20,1.24,1.22,-1.6
STNE,29-Oct-20,0.13,0.16,23
SYK,29-Oct-20,1.4,2.14,52.8
SYNH,29-Oct-20,0.9,1.04,15.5
TAP,29-Oct-20,1.04,1.62,55.7
TEAM,29-Oct-20,0.27,0.3,11.1
TFSL,29-Oct-20,0.06,0.05,-16.6
TFX,29-Oct-20,2.27,2.77,22
TKR,29-Oct-20,0.91,1.13,24.1
TPR,29-Oct-20,0.22,0.58,163.6
TPX,29-Oct-20,0.55,0.74,34.5
TROW,29-Oct-20,2.53,2.55,0.7
TWTR,29-Oct-20,0.06,0.19,216.6
TXT,29-Oct-20,0.35,0.53,51.4
UHS,29-Oct-20,2.04,2.88,41.1
VRTX,29-Oct-20,2.39,2.64,10.4
WAB,29-Oct-20,0.9,0.95,5.5
WEX,29-Oct-20,1.75,1.59,-9.1
WLTW,29-Oct-20,1.28,1.33,3.9
WU,29-Oct-20,0.47,0.57,21.2
WWE,29-Oct-20,0.35,0.56,60
XEL,29-Oct-20,1.08,1.14,5.5
XYL,29-Oct-20,0.52,0.62,19.2
YUM,29-Oct-20,0.79,1.01,27.8
ZEN,29-Oct-20,0.1,0.17,70
ABBV,30-Oct-20,2.75,2.83,2.9
AON,30-Oct-20,1.51,1.53,1.3
BAH,30-Oct-20,0.92,1.03,11.9
BR,30-Oct-20,0.63,0.98,55.5
CBOE,30-Oct-20,1.07,1.11,3.7
CHTR,30-Oct-20,3.05,3.9,27.8
CL,30-Oct-20,0.7,0.79,12.8
CVX,30-Oct-20,-0.29,0.11,137.9
FLIR,30-Oct-20,0.56,0.64,14.2
HON,30-Oct-20,1.49,1.56,4.7
IPGP,30-Oct-20,0.89,1.29,44.9
ITT,30-Oct-20,0.71,0.82,15.4
KKR,30-Oct-20,0.4,0.48,20
LEA,30-Oct-20,3.22,3.73,15.8
LHX,30-Oct-20,2.72,2.84,4.4
LYB,30-Oct-20,1.1,1.27,15.4
MO,30-Oct-20,1.15,1.19,3.4
NWL,30-Oct-20,0.44,0.84,90.9
PEG,30-Oct-20,0.95,0.96,1
PNW,30-Oct-20,2.98,3.07,3
PSX,30-Oct-20,-0.8,-0.01,98.7
UAA,30-Oct-20,0.04,0.26,550
WY,30-Oct-20,0.39,0.52,33.3
XOM,30-Oct-20,-0.28,-0.18,35.7
ON,31-Oct-20,0.19,0.27,42.1
AIZ,2-Nov-20,0.94,1.41,50
ANET,2-Nov-20,2.23,2.42,8.5
BRKR,2-Nov-20,0.33,0.42,27.2
BWXT,2-Nov-20,0.67,0.79,17.9
CDK,2-Nov-20,0.69,0.82,18.8
CDW,2-Nov-20,1.5,1.83,22
CLX,2-Nov-20,2.34,3.22,37.6
CNA,2-Nov-20,0.62,0.71,14.5
CRUS,2-Nov-20,0.89,1.26,41.5
EL,2-Nov-20,0.9,1.44,60
FANG,2-Nov-20,0.37,0.62,67.5
FE,2-Nov-20,0.8,0.84,5
FMC,2-Nov-20,1.11,1.22,9.9
G,2-Nov-20,0.5,0.56,12
HSIC,2-Nov-20,0.72,1.03,43
HZNP,2-Nov-20,1,1.74,74
IR,2-Nov-20,0.31,0.4,29
JAZZ,2-Nov-20,4.03,4.31,6.9
JLL,2-Nov-20,1.34,2.99,123.1
KMPR,2-Nov-20,0.91,1.36,49.4
LDOS,2-Nov-20,1.25,1.47,17.6
LEG,2-Nov-20,0.7,0.8,14.2
LITE,2-Nov-20,1.47,1.78,21
LNT,2-Nov-20,0.89,0.94,5.6
MDLZ,2-Nov-20,0.63,0.63,0
MOS,2-Nov-20,0.22,0.23,4.5
MPC,2-Nov-20,-1.75,-1,42.8
NI,2-Nov-20,0.02,0.09,350
NLSN,2-Nov-20,0.42,0.43,2.3
PINC,2-Nov-20,0.5,0.57,14
PYPL,2-Nov-20,0.94,1.07,13.8
SBAC,2-Nov-20,2.32,0.2,-91.3
SEDG,2-Nov-20,0.82,1.21,47.5
STE,2-Nov-20,1.24,1.48,19.3
SWKS,2-Nov-20,1.52,1.85,21.7
TREX,2-Nov-20,0.38,0.41,7.8
USFD,2-Nov-20,0.2,0.15,-25
WM,2-Nov-20,1.03,1.09,5.8
WMB,2-Nov-20,0.27,0.27,0
AGCO,3-Nov-20,1.02,2.09,104.9
ATH,3-Nov-20,1.14,1.53,34.2
CC,3-Nov-20,0.32,0.47,46.8
CTLT,3-Nov-20,0.38,0.43,13.1
EMR,3-Nov-20,0.95,1.1,15.7
ES,3-Nov-20,1.02,1.01,-0.9
ETN,3-Nov-20,1.05,1.18,12.3
EXC,3-Nov-20,0.87,1.04,19.5
EXPD,3-Nov-20,0.98,1.12,14.2
HUM,3-Nov-20,2.86,3.08,7.6
IT,3-Nov-20,0.51,0.91,78.4
JCI,3-Nov-20,0.73,0.76,4.1
MCK,3-Nov-20,3.87,4.8,24
MCY,3-Nov-20,1.42,1.23,-13.3
MRCY,3-Nov-20,0.47,0.51,8.5
PRU,3-Nov-20,2.69,3.21,19.3
SPR,3-Nov-20,-1.65,-1.34,18.7
SYY,3-Nov-20,0.2,0.34,70
W,3-Nov-20,0.81,2.3,183.9
WEC,3-Nov-20,0.76,0.84,10.5
WLK,3-Nov-20,0.46,0.6,30.4
WTRG,3-Nov-20,0.26,0.23,-11.5
Y,3-Nov-20,-3.37,3.23,195.8
ZBRA,3-Nov-20,2.82,3.27,15.9
ACAD,4-Nov-20,-0.38,-0.54,-42.1
AEE,4-Nov-20,1.44,1.47,2
ALB,4-Nov-20,0.78,1.09,39.7
ALL,4-Nov-20,1.77,2.94,66.1
ANSS,4-Nov-20,1.26,1.36,7.9
APA,4-Nov-20,-0.37,-0.16,56.7
AWK,4-Nov-20,1.38,1.46,5.8
BLUE,4-Nov-20,-3.07,-2.94,4.2
CF,4-Nov-20,0.05,-0.13,-360
CHNG,4-Nov-20,0.25,0.32,28
CLH,4-Nov-20,0.28,0.9,221.4
EXPE,4-Nov-20,-0.92,-0.22,76
FNF,4-Nov-20,1.25,1.48,18.4
GDDY,4-Nov-20,0.31,0.38,22.5
H,4-Nov-20,-1.25,-1.48,-18.4
HAE,4-Nov-20,0.5,0.62,24
HLT,4-Nov-20,-0.09,0.06,166.6
HOLX,4-Nov-20,1.22,2.07,69.6
IONS,4-Nov-20,-0.09,-0.22,-144.4
JKHY,4-Nov-20,1.07,1.19,11.2
LBRDK,4-Nov-20,0.71,0.38,-46.4
LNC,4-Nov-20,2.16,-0.72,-133.3
LUMN,4-Nov-20,0.31,0.4,29
MET,4-Nov-20,1.65,1.73,4.8
MRO,4-Nov-20,-0.28,-0.28,0
MTCH,4-Nov-20,0.57,0.55,-3.5
MTG,4-Nov-20,0.33,0.43,30.3
NUS,4-Nov-20,0.99,1.08,9
OLN,4-Nov-20,-0.23,-0.2,13
PAYC,4-Nov-20,0.56,0.7,25
PODD,4-Nov-20,0.06,0.17,183.3
PRAH,4-Nov-20,1.13,1.3,15
PRGO,4-Nov-20,0.84,0.93,10.7
PRI,4-Nov-20,2.38,2.78,16.8
PXD,4-Nov-20,0.18,0.17,-5.5
QCOM,4-Nov-20,1.19,1.45,21.8
QRTEA,4-Nov-20,0.43,0.57,32.5
QRVO,4-Nov-20,2.14,2.43,13.5
RGLD,4-Nov-20,0.8,0.82,2.5
SMG,4-Nov-20,0.07,0.06,-14.2
TRMB,4-Nov-20,0.43,0.6,39.5
TYL,4-Nov-20,1.34,1.5,11.9
UHAL,4-Nov-20,4.58,13.58,196.5
UNVR,4-Nov-20,0.23,0.34,47.8
VOYA,4-Nov-20,1.41,1.19,-15.6
VRSK,4-Nov-20,1.21,1.32,9
WEN,4-Nov-20,0.17,0.19,11.7
XEC,4-Nov-20,0.21,0.51,142.8
ZNGA,4-Nov-20,0.09,-0.03,-133.3
ABC,5-Nov-20,1.87,1.89,1
AGIO,5-Nov-20,-1.4,-1.43,-2.1
AIG,5-Nov-20,0.62,0.81,30.6
ALNY,5-Nov-20,-1.75,-2.18,-24.5
AMCR,5-Nov-20,0.15,0.16,6.6
AYX,5-Nov-20,0.12,0.39,225
BDX,5-Nov-20,2.5,2.79,11.6
BFAM,5-Nov-20,-0.46,0.02,104.3
BHF,5-Nov-20,3.31,4.19,26.5
BKNG,5-Nov-20,15.98,12.27,-23.2
BLL,5-Nov-20,0.77,0.89,15.5
BMRN,5-Nov-20,0.25,0.54,116
BMY,5-Nov-20,1.49,1.63,9.4
CABO,5-Nov-20,10.7,10.96,2.4
CAH,5-Nov-20,1.14,1.51,32.4
CHH,5-Nov-20,0.72,0.66,-8.3
CI,5-Nov-20,4.25,4.41,3.7
CLR,5-Nov-20,-0.24,-0.16,33.3
CNP,5-Nov-20,0.32,0.34,6.2
COMM,5-Nov-20,0.39,0.51,30.7
CPRI,5-Nov-20,0.07,0.9,1185.7
D,5-Nov-20,1,1.08,8
DISCA,5-Nov-20,0.68,0.81,19.1
DUK,5-Nov-20,1.79,1.87,4.4
DXC,5-Nov-20,0.38,0.64,68.4
EA,5-Nov-20,0.02,0.29,1350
ED,5-Nov-20,1.51,1.48,-1.9
EOG,5-Nov-20,0.16,0.43,168.7
EPAM,5-Nov-20,1.47,1.65,12.2
EVBG,5-Nov-20,-0.11,0.05,145.4
EVRG,5-Nov-20,1.65,1.73,4.8
EXEL,5-Nov-20,-0.05,-0.1,-100
FLO,5-Nov-20,0.25,0.29,16
FLS,5-Nov-20,0.44,0.5,13.6
FLT,5-Nov-20,2.66,2.8,5.2
FWONK,5-Nov-20,-0.04,-0.41,-925
GBT,5-Nov-20,-0.72,-0.97,-34.7
GM,5-Nov-20,1.47,2.83,92.5
HBI,5-Nov-20,0.36,0.42,16.6
HFC,5-Nov-20,-0.54,-0.41,24
HHC,5-Nov-20,-0.52,2.7,619.2
HII,5-Nov-20,4.18,5.45,30.3
HLF,5-Nov-20,0.93,1.15,23.6
HUBS,5-Nov-20,0.13,0.28,115.3
ICUI,5-Nov-20,1.28,1.9,48.4
INCY,5-Nov-20,0.72,0.23,-68
IOVA,5-Nov-20,-0.46,-0.4,13
LIN,5-Nov-20,1.97,2.15,9.1
LOPE,5-Nov-20,1.12,1.14,1.7
LSXMK,5-Nov-20,0.41,0.03,-92.6
LYV,5-Nov-20,-2.12,-2.45,-15.5
MCHP,5-Nov-20,1.42,1.56,9.8
MIDD,5-Nov-20,1.02,1.34,31.3
MNST,5-Nov-20,0.63,0.65,3.1
MTD,5-Nov-20,6.02,7.02,16.6
MUR,5-Nov-20,-0.19,-0.15,21
NEWR,5-Nov-20,0.02,-0.07,-450
NFG,5-Nov-20,0.34,0.4,17.6
NKTR,5-Nov-20,-0.8,-0.61,23.7
NLOK,5-Nov-20,0.33,0.36,9
NRG,5-Nov-20,1.01,1.02,0.9
NWSA,5-Nov-20,0.04,0.08,100
NXST,5-Nov-20,2.43,4.08,67.9
NYT,5-Nov-20,0.15,0.22,46.6
OGE,5-Nov-20,1.09,1.04,-4.5
PCTY,5-Nov-20,0.15,0.38,153.3
PH,5-Nov-20,2.29,3.07,34
PLNT,5-Nov-20,0.11,0.02,-81.8
PPL,5-Nov-20,0.61,0.58,-4.9
REGN,5-Nov-20,7.23,8.36,15.6
RGA,5-Nov-20,1.98,3.51,77.2
RGEN,5-Nov-20,0.28,0.4,42.8
RSG,5-Nov-20,0.83,1,20.4
SAGE,5-Nov-20,-2.3,-2.03,11.7
SATS,5-Nov-20,-0.14,0.26,285.7
SQ,5-Nov-20,0.14,0.34,142.8
SRCL,5-Nov-20,0.57,0.68,19.3
SRE,5-Nov-20,1.47,1.31,-10.8
SRPT,5-Nov-20,-1.89,-2.5,-32.2
STWD,5-Nov-20,0.47,0.5,6.3
TDC,5-Nov-20,0.31,0.43,38.7
TDS,5-Nov-20,0.26,0.66,153.8
TECH,5-Nov-20,1.14,1.43,25.4
THS,5-Nov-20,0.61,0.71,16.3
TMUS,5-Nov-20,0.51,1.17,129.4
TMX,5-Nov-20,0.22,0.26,18.1
TNDM,5-Nov-20,-0.08,-0.09,-12.5
TREE,5-Nov-20,-0.15,-0.26,-73.3
TRGP,5-Nov-20,0.09,0.16,77.7
TRIP,5-Nov-20,-0.29,-0.17,41.3
TTD,5-Nov-20,0.49,1.27,159.1
TTWO,5-Nov-20,1.45,2.04,40.6
USM,5-Nov-20,0.3,0.97,223.3
VMC,5-Nov-20,1.63,1.56,-4.2
VSAT,5-Nov-20,-0.05,0.03,160
WRK,5-Nov-20,0.68,0.73,7.3
WYNN,5-Nov-20,-3.32,-7.04,-112
XLRN,5-Nov-20,-0.55,-0.66,-20
XPO,5-Nov-20,0.38,0.84,121
XRAY,5-Nov-20,0.28,0.67,139.2
ZG,5-Nov-20,0.15,0.37,146.6
ZTS,5-Nov-20,0.89,1.1,23.6
AES,6-Nov-20,0.43,0.42,-2.3
COTY,6-Nov-20,-0.07,0.11,257.1
CVS,6-Nov-20,1.34,1.66,23.8
DISH,6-Nov-20,0.67,0.86,28.3
HRC,6-Nov-20,1.08,1.17,8.3
HSY,6-Nov-20,1.71,1.86,8.7
LNG,6-Nov-20,-0.57,-0.87,-52.6
MAR,6-Nov-20,-0.07,0.06,185.7
SABR,6-Nov-20,-0.63,-0.82,-30.1
UI,6-Nov-20,1.47,2.47,68
VIAC,6-Nov-20,0.83,0.91,9.6
VIRT,6-Nov-20,0.75,0.81,8
ZBH,6-Nov-20,1.05,1.81,72.3
AL,9-Nov-20,1.03,1.02,-0.9
BKI,9-Nov-20,0.5,0.52,4
HAIN,9-Nov-20,0.18,0.27,50
HWM,9-Nov-20,0.04,0.03,-25
IFF,9-Nov-20,1.45,1.4,-3.4
MCD,9-Nov-20,1.93,2.22,15
MIC,9-Nov-20,0.8,0.43,-46.2
MSGS,9-Nov-20,-0.79,-1.18,-49.3
NBIX,9-Nov-20,0.11,-0.62,-663.6
NCLH,9-Nov-20,-2.24,-2.35,-4.9
OXY,9-Nov-20,-0.7,-0.84,-20
RETA,9-Nov-20,-2.1,-1.94,7.6
RNG,9-Nov-20,0.24,0.26,8.3
STAY,9-Nov-20,0.12,0.19,58.3
AAP,10-Nov-20,2.63,2.81,6.8
ASH,10-Nov-20,0.79,0.99,25.3
COHR,10-Nov-20,0.84,1.01,20.2
DHI,10-Nov-20,1.76,2.24,27.2
DOX,10-Nov-20,1.19,1.23,3.3
FICO,10-Nov-20,2.26,3.25,43.8
ROK,10-Nov-20,1.77,1.87,5.6
APD,11-Nov-20,2.23,2.19,-1.7
ATO,11-Nov-20,0.52,0.53,1.9
AMAT,12-Nov-20,1.17,1.25,6.8
CSCO,12-Nov-20,0.71,0.76,7
DIS,12-Nov-20,-0.68,-0.2,70.5
DLB,12-Nov-20,0.34,0.45,32.3
ENR,12-Nov-20,0.8,0.59,-26.2
GLOB,12-Nov-20,0.59,0.6,1.6
TDG,12-Nov-20,1.9,2.89,52.1
SPB,13-Nov-20,1.19,1.72,44.5
ACM,16-Nov-20,0.57,0.6,5.2
PANW,16-Nov-20,1.34,1.62,20.9
TSN,16-Nov-20,1.15,1.81,57.3
ARMK,17-Nov-20,-0.31,-0.35,-12.9
HD,17-Nov-20,3.08,3.18,3.2
KSS,17-Nov-20,-0.43,0.01,102.3
WMT,17-Nov-20,1.19,1.34,12.6
CPA,18-Nov-20,-2.79,-2.86,-2.5
CPRT,18-Nov-20,0.69,0.79,14.4
KEYS,18-Nov-20,1.46,1.62,10.9
LB,18-Nov-20,0.06,1.13,1783.3
LOW,18-Nov-20,1.97,1.98,0.5
NUAN,18-Nov-20,0.16,0.18,12.5
NVDA,18-Nov-20,2.57,2.91,13.2
TGT,18-Nov-20,1.61,2.79,73.2
TJX,18-Nov-20,0.41,0.71,73.1
UGI,18-Nov-20,-0.33,-0.14,57.5
BERY,19-Nov-20,1.24,1.59,28.2
HP,19-Nov-20,-0.8,-0.74,7.5
INTU,19-Nov-20,0.38,0.94,147.3
POST,19-Nov-20,0.74,0.58,-21.6
ROST,19-Nov-20,0.63,1.02,61.9
WDAY,19-Nov-20,0.67,0.86,28.3
WSM,19-Nov-20,1.52,2.56,68.4
WWD,19-Nov-20,0.54,0.75,38.8
FL,20-Nov-20,0.6,1.21,101.6
CBT,23-Nov-20,0.58,0.68,17.2
NTNX,23-Nov-20,-0.57,-0.44,22.8
ADI,24-Nov-20,1.32,1.44,9
ADSK,24-Nov-20,0.95,1.04,9.4
BBY,24-Nov-20,1.76,2.06,17
BURL,24-Nov-20,0.19,0.29,52.6
DELL,24-Nov-20,1.39,2.03,46
DKS,24-Nov-20,0.94,2.01,113.8
DLTR,24-Nov-20,1.15,1.39,20.8
GPS,24-Nov-20,0.29,0.25,-13.7
HPQ,24-Nov-20,0.52,0.62,19.2
HRL,24-Nov-20,0.44,0.43,-2.2
J,24-Nov-20,1.3,1.63,25.3
JWN,24-Nov-20,0.01,0.22,2100
MDT,24-Nov-20,0.78,1.02,30.7
PLAN,24-Nov-20,-0.1,-0.05,50
PSTG,24-Nov-20,-0.01,0.01,200
SJM,24-Nov-20,2.24,2.39,6.7
VMW,24-Nov-20,1.43,1.66,16
DE,25-Nov-20,1.44,2.39,65.9
ZM,30-Nov-20,0.75,0.99,32
CRM,1-Dec-20,0.74,1.74,135.1
HPE,1-Dec-20,0.34,0.37,8.8
NTAP,1-Dec-20,0.72,1.05,45.8
VEEV,1-Dec-20,0.68,0.78,14.7
WORK,1-Dec-20,-0.05,0.01,120
ESTC,2-Dec-20,-0.2,-0.03,85
FIVE,2-Dec-20,0.19,0.36,89.4
OKTA,2-Dec-20,-0.01,0.04,500
PVH,2-Dec-20,0.24,1.32,450
SNPS,2-Dec-20,1.57,1.58,0.6
SPLK,2-Dec-20,0.1,-0.07,-170
ZS,2-Dec-20,0.06,0.14,133.3
COO,3-Dec-20,3.11,3.16,1.6
DCI,3-Dec-20,0.45,0.48,6.6
DG,3-Dec-20,1.99,2.31,16
DOCU,3-Dec-20,0.12,0.22,83.3
KR,3-Dec-20,0.66,0.71,7.5
MDLA,3-Dec-20,-0.01,0.01,200
MRVL,3-Dec-20,0.25,0.25,0
OLLI,3-Dec-20,0.58,0.65,12
PD,3-Dec-20,-0.1,-0.09,10
SAIC,3-Dec-20,1.53,1.62,5.8
ULTA,3-Dec-20,1.51,1.64,8.6
CASY,7-Dec-20,2.66,3,12.7
COUP,7-Dec-20,0.04,0.18,350
SMAR,7-Dec-20,-0.22,-0.12,45.4
TOL,7-Dec-20,1.23,1.55,26
AZO,8-Dec-20,17.72,18.61,5
GWRE,8-Dec-20,-0.06,0.17,383.3
HRB,8-Dec-20,-0.93,-1.09,-17.2
THO,8-Dec-20,1.46,2.05,40.4
CPB,9-Dec-20,0.91,1.02,12
NCNO,9-Dec-20,-0.09,-0.03,66.6
ADBE,10-Dec-20,2.65,2.81,6
AVGO,10-Dec-20,6.26,6.35,1.4
CIEN,10-Dec-20,0.64,0.6,-6.2
COST,10-Dec-20,2.04,2.29,12.2
LULU,10-Dec-20,0.87,1.16,33.3
MTN,10-Dec-20,-3.59,-3.63,-1.1
ORCL,10-Dec-20,1,1.06,6
NDSN,15-Dec-20,1.53,1.59,3.9
LEN,16-Dec-20,2.38,2.82,18.4
TTC,16-Dec-20,0.52,0.64,23
ACN,17-Dec-20,2.04,2.17,6.3
FDX,17-Dec-20,3.9,4.83,23.8
JBL,17-Dec-20,1.26,1.6,26.9
DRI,18-Dec-20,0.7,0.74,5.7
NKE,18-Dec-20,0.63,0.78,23.8
FDS,21-Dec-20,2.74,2.88,5.1
HEI,21-Dec-20,0.43,0.45,4.6
KMX,22-Dec-20,1.11,1.42,27.9
PAYX,23-Dec-20,0.66,0.73,10.6
JEF,4-Jan-21,0.14,1.11,692.8
AYI,7-Jan-21,1.82,2.03,11.5
CAG,7-Jan-21,0.73,0.81,10.9
DCT,7-Jan-21,-0.01,0.02,300
MU,7-Jan-21,0.71,0.78,9.8
SNX,11-Jan-21,3.83,5.21,36
INFO,13-Jan-21,0.67,0.72,7.4
ELS,25-Jan-21,0.56,0.35,-37.5
BXP,26-Jan-21,1.6,0.05,-96.8
PLD,26-Jan-21,0.92,0.38,-58.7
CCI,27-Jan-21,1.65,1.17,-29
DRE,27-Jan-21,0.41,0.41,0
SLG,27-Jan-21,1.54,1.56,1.3
DOW,28-Jan-21,0.69,0.81,17.3
MKC,28-Jan-21,0.81,0.79,-2.4
ARE,1-Feb-21,1.84,1.84,0
KRC,1-Feb-21,0.97,0.67,-30.9
ALGM,2-Feb-21,0.12,0.13,8.3
BDN,2-Feb-21,0.37,0.11,-70.2
AVB,3-Feb-21,2.09,2.02,-3.3
IAC,3-Feb-21,-0.52,-0.74,-42.3
MAA,3-Feb-21,1.64,0.72,-56.1
SPOT,3-Feb-21,-0.74,-0.79,-6.7
COR,4-Feb-21,1.32,1.34,1.5
CPT,4-Feb-21,1.24,0.29,-76.6
ESS,4-Feb-21,3.12,1.47,-52.8
LESL,4-Feb-21,-0.11,-0.17,-54.5
MPW,4-Feb-21,0.41,0.2,-51.2
OFC,4-Feb-21,0.54,0.56,3.7
OHI,4-Feb-21,0.81,0.27,-66.6
U,4-Feb-21,-0.15,-0.1,33.3
EAF,5-Feb-21,0.38,0.47,23.6
GTES,8-Feb-21,0.18,0.2,11.1
SPG,8-Feb-21,2.19,0.86,-60.7
CDAY,9-Feb-21,0.08,0.09,12.5
DEI,9-Feb-21,0.42,0.1,-76.1
HIW,9-Feb-21,0.88,0.79,-10.2
NVT,9-Feb-21,0.41,0.43,4.8
PEAK,9-Feb-21,0.4,0.41,2.5
UDR,9-Feb-21,0.49,0.09,-81.6
WELL,9-Feb-21,0.77,0.39,-49.3
AIRC,10-Feb-21,0.44,-0.97,-320.4
AVLR,10-Feb-21,-0.05,0.09,280
EQIX,10-Feb-21,5.65,0.57,-89.9
EQR,10-Feb-21,0.74,0.68,-8.1
FR,10-Feb-21,0.44,0.44,0
PGRE,10-Feb-21,0.23,0.24,4.3
REXR,10-Feb-21,0.33,0.34,3
WH,10-Feb-21,0.03,0.07,133.3
BRX,11-Feb-21,0.33,0.08,-75.7
CUZ,11-Feb-21,0.69,0.07,-89.8
DLR,11-Feb-21,1.52,0.16,-89.4
FROG,11-Feb-21,0.02,0.02,0
FRT,11-Feb-21,1.07,1.14,6.5
KIM,11-Feb-21,0.3,0.31,3.3
NNN,11-Feb-21,0.65,0.33,-49.2
REG,11-Feb-21,0.72,0.23,-68
VNT,11-Feb-21,0.83,0.87,4.8
MSGE,12-Feb-21,-3.87,-5.13,-32.5
WPC,12-Feb-21,1.18,0.76,-35.5
VNO,16-Feb-21,0.64,0.01,-98.4
CONE,17-Feb-21,0.92,0.15,-83.7
ESRT,17-Feb-21,0.14,0.17,21.4
HPP,17-Feb-21,0.44,0.44,0
RPRX,17-Feb-21,0.7,0.28,-60
SUI,17-Feb-21,1.11,0.07,-93.6
COLD,18-Feb-21,0.34,-0.21,-161.7
DBX,18-Feb-21,0.23,0.28,21.7
FTDR,18-Feb-21,0.05,0.08,60
GLPI,18-Feb-21,0.85,0.74,-12.9
HST,18-Feb-21,-0.21,-0.09,57.1
VICI,18-Feb-21,0.47,0.53,12.7
VTR,18-Feb-21,0.73,0.3,-58.9
SRC,19-Feb-21,0.72,0.24,-66.6
ACC,22-Feb-21,0.55,0.16,-70.9
BIGC,22-Feb-21,-0.15,-0.12,20
EXR,22-Feb-21,1.35,1.19,-11.8
HTA,22-Feb-21,0.43,0.13,-69.7
LSI,22-Feb-21,1.04,1.07,2.8
O,22-Feb-21,0.83,0.33,-60.2
WRI,22-Feb-21,0.42,0.18,-57.1
APLE,23-Feb-21,0.02,-0.01,-150
EQH,23-Feb-21,1.18,1.65,39.8
ETRN,23-Feb-21,0.32,0.31,-3.1
JBGS,23-Feb-21,0.29,0.25,-13.7
MCFE,23-Feb-21,0.31,0.38,22.5
ELAN,24-Feb-21,0.09,0.12,33.3
EPR,24-Feb-21,0.3,-0.35,-216.6
GH,24-Feb-21,-0.44,-0.94,-113.6
IRM,24-Feb-21,0.6,0.66,10
PSA,24-Feb-21,2.85,1.67,-41.4
VER,24-Feb-21,0.77,0.76,-1.3
AMH,25-Feb-21,0.3,0.09,-70
AMT,25-Feb-21,2.08,0.82,-60.5
BLI,25-Feb-21,-0.2,-0.19,5
CUBE,25-Feb-21,0.42,0.47,11.9
OUT,25-Feb-21,0.27,0.35,29.6
PK,25-Feb-21,-0.58,-0.53,8.6
PLTK,25-Feb-21,0.17,0.19,11.7
STOR,25-Feb-21,0.46,0.44,-4.3
LAMR,26-Feb-21,1.5,1.08,-28
LMND,1-Mar-21,-0.65,-0.6,7.6
MRVI,2-Mar-21,0.12,0.13,8.3
CERT,4-Mar-21,0.04,0.09,125
JAMF,4-Mar-21,0.01,0.02,100
ARRY,9-Mar-21,0.05,0.08,60
OSH,9-Mar-21,-0.25,-0.4,-60
SHC,9-Mar-21,0.08,0.09,12.5
DRVN,10-Mar-21,0.06,0.01,-83.3
SHLS,15-Mar-21,0.07,0.07,0
SANA,5-May-21,-0.35,-0.45,-28.57
SGFY,11-May-21,-0.04,0.2,600
